{"cameraMode":{"drawMode":0,"name":"Shaded","section":"Shading Mode"},"sceneLighting":false,"audioPlay":false,"sceneViewState":{"showFog":true,"showMaterialUpdate":false,"showSkybox":true,"showFlares":true,"showImageEffects":true,"showParticleSystems":true},"in2DMode":false,"pivot":{"x":0.2995796203613281,"y":-4.521520137786865,"z":-9.775991439819336},"rotation":{"x":0.18568028509616853,"y":-0.7455980777740479,"z":0.2321203500032425,"w":0.5964280962944031},"size":20.870763778686525,"orthographic":false}