{"cameraMode":{"drawMode":0,"name":"Shaded","section":"Shading Mode"},"sceneLighting":false,"audioPlay":false,"sceneViewState":{"showFog":true,"showMaterialUpdate":false,"showSkybox":true,"showFlares":true,"showImageEffects":true,"showParticleSystems":true},"in2DMode":false,"pivot":{"x":-1.7255992889404297,"y":-5.953753471374512,"z":1.1749680042266846},"rotation":{"x":0.21845923364162446,"y":-0.7095030546188355,"z":0.24923057854175569,"w":0.6219044327735901},"size":48.36163330078125,"orthographic":false}